obs,country,country_map,code,region,ims,gdp_pc,gov_ed,unem,timebuss,psa,cci,imp,mena,govexp,che,democracy,democracy2,hief,refug,richoil,oilrents
1,Afghanistan,Afghanistan,AFG,South Asia,1.175546927,2068.265904,3.255800009,11.38700008,8.5,-2.571222,-1.341994,Maintain,0,NA,10.10534763,-1,1,76.3,257553,0,0.00107623
2,Albania,Albania,ALB,Europe & Central Asia,1.98903641,12125.93148,3.437969923,17.07999992,5,0.3461291,-0.4790328,Maintain,0,11.11066552,4.89632177,9,3,13.9,109,0,1.352409002
4,American Samoa,American Samoa,ASM,East Asia & Pacific,41.80200943,NA,NA,NA,NA,1.181357,1.218502,Maintain,0,NA,NA,NA,NA,NA,NA,0,0
5,Andorra,Andorra,AND,Europe & Central Asia,59.7136492,NA,3.28034997,NA,NA,1.391288,1.218502,Maintain,0,NA,6.23245335,NA,NA,NA,NA,NA,NA
6,Angola,Angola,AGO,Sub-Saharan Africa,0.42700468,8036.41061,NA,7.282000065,36,-0.5008978,-1.394778,Maintain,0,16.43283225,2.60579467,-2,1,77.9,15547,0,10.29488886
7,Antigua and Barbuda,Antigua,ATG,Latin America & Caribbean,30.58550611,18595.0849,NA,NA,22,1.004725,0.6896325,Maintain,0,16.2285575,5.27965546,NA,NA,NA,15,0,0
8,Argentina,Argentina,ARG,Latin America & Caribbean,4.805292335,23933.88661,5.776110172,7.75,24.5,0.0147854,-0.5470577,Maintain,0,18.09837976,10.22933769,9,2,15.8,3187,0,0.736965842
9,Armenia,Armenia,ARM,Europe & Central Asia,6.335892888,11321.35576,2.80591011,18.26099968,5,-0.2523326,-0.5338237,Maintain,0,13.11159781,10.1176281,5,1,4.5,19314,0,0
10,Aruba,Aruba,ABW,Latin America & Caribbean,34.76210186,37276.08042,5.975709915,NA,NA,1.230921,1.297111,NA,0,17.04936854,NA,NA,NA,NA,NA,0,0
11,Australia,Australia,AUS,East Asia & Pacific,28.21840969,48017.48845,5.311270237,6.053999901,2.5,0.8849798,1.882113,Maintain,0,18.0607423,9.32331181,10,3,27.6,36917,0,0.20670982
12,Austria,Austria,AUT,Europe & Central Asia,17.46572625,53116.03809,5.456580162,5.72300005,22,1.143079,1.519276,Raise,0,19.76169058,10.36746693,10,3,24.8,72198,0,0.032460639
13,Azerbaijan,Azerbaijan,AZE,Europe & Central Asia,2.709061584,14853.91055,2.951679945,4.960000038,3.5,-0.7295656,-0.9299806,Maintain,0,12.40823832,4.10663605,-7,1,12.2,1279,0,12.0366039
14,"Bahamas, The",Bahamas,BHS,Latin America & Caribbean,15.28430309,35400.08185,NA,12,28.5,0.9074765,1.135789,Maintain,0,12.34245312,5.20896244,NA,NA,NA,7,0,0
16,Bangladesh,Bangladesh,BGD,South Asia,0.883753735,3700.111081,NA,4.377999783,19.5,-1.212018,-0.8083352,Maintain,0,5.404240381,2.46311474,1,1,2.5,231954,0,0.02924977
17,Barbados,Barbados,BRB,Latin America & Caribbean,12.12990166,15382.92743,NA,11.35000038,19,1.135361,1.490528,Lower,0,13.63574443,6.7748456,NA,3,NA,NA,0,0.09799543
18,Belarus,Belarus,BLR,Europe & Central Asia,11.40401056,18307.51967,4.787519932,5.914000034,9,0.1100165,-0.3350453,Raise,0,14.92176438,6.06533337,-7,1,30.9,1805,0,0.42067441
19,Belgium,Belgium,BEL,Europe & Central Asia,12.28353319,49631.72428,6.451570034,8.482000351,4.5,0.5870946,1.573307,Maintain,0,23.61508745,10.42703342,8,3,59.2,35302,0,0
20,Belize,Belize,BLZ,Latin America & Caribbean,14.99080123,7259.024205,6.88888979,7.578000069,43,0.0430976,-0.222516,Lower,0,15.59917044,5.81823015,NA,NA,NA,34,0,0.664418576
21,Benin,Benin,BEN,Sub-Saharan Africa,2.255540965,2945.973006,3.17298007,2.582000017,12.5,-0.013514,-0.5508218,NA,0,11.41138015,2.90741515,7,2,76.4,526,0,0.057611554
22,Bermuda,Bermuda,BMU,North America,30.84639701,77842.7539,1.698600054,NA,NA,0.983049,1.218502,NA,0,12.50314635,NA,NA,NA,NA,NA,NA,NA
23,Bhutan,Bhutan,BTN,South Asia,6.595769395,10086.19751,7.590099812,2.450000048,15,0.974715,1.022321,Maintain,0,18.25620434,3.65720773,5,2,65.1,NA,0,0
24,Bolivia,Bolivia,BOL,Latin America & Caribbean,1.333267442,7984.413455,NA,3.065999985,49,-0.2684872,-0.6963719,Maintain,0,17.49525821,6.55064964,7,2,57.2,762,0,1.176927031
25,Bosnia and Herzegovina,Bosnia and Herzegovina,BIH,Europe & Central Asia,0.91336484,12662.46,NA,27.69400024,82,-0.402437,-0.3939079,Maintain,0,21.9980801,9.33953667,NA,2,63.7,6789,0,0
26,Botswana,Botswana,BWA,Sub-Saharan Africa,7.100334367,16714.39782,NA,17.74699974,48,1.042092,0.852122,Maintain,0,20.57746506,5.72629929,8,3,39.5,2127,0,0
27,Brazil,Brazil,BRA,Latin America & Caribbean,0.3433132,15059.23437,6.24105978,8.427000046,86,-0.3314581,-0.3964888,Raise,0,19.77683664,8.87090969,8,2,55.9,8703,0,1.071437119
28,British Virgin Islands,NA,VGB,Latin America & Caribbean,57.46920344,NA,5.134789944,NA,NA,NA,NA,NA,0,NA,NA,NA,NA,NA,NA,NA,NA
29,Brunei Darussalam,Brunei,BRN,East Asia & Pacific,24.27597191,63148.54887,NA,7.914000034,14.5,1.242662,0.5724573,Maintain,0,25.06167623,2.38708901,NA,NA,NA,NA,1,7.7316106
30,Bulgaria,Bulgaria,BGR,Europe & Central Asia,1.428196392,19605.02281,NA,9.142999649,25,0.0173222,-0.2646455,Raise,0,16.12741084,7.41338348,9,2,28.9,16543,0,0.01043978
31,Burkina Faso,Burkina Faso,BFA,Sub-Saharan Africa,3.892039853,1925.331225,3.67008996,6.418000221,13,-0.6111074,-0.277338,NA,0,15.94408026,5.82546854,6,1,76.7,34017,0,0
32,Burundi,Burundi,BDI,Sub-Saharan Africa,2.565632229,825.2059856,6.370540142,1.552000046,4,-1.939511,-1.25752,NA,0,22.42111499,6.57857561,-1,1,30.8,53356,0,0
33,Cabo Verde,Cape Verde,CPV,Sub-Saharan Africa,2.867232018,6266.845949,5.266910076,11.9090004,18,0.8678104,0.9501761,Maintain,0,18.85223395,4.81784487,10,3,NA,NA,0,0
34,Cambodia,Cambodia,KHM,East Asia & Pacific,0.474794451,3543.703553,NA,0.393000007,87,0.0619423,-1.117988,Maintain,0,5.397979837,6.19431591,2,1,15.8,74,0,0
35,Cameroon,Cameroon,CMR,Sub-Saharan Africa,1.636313704,3458.6939,2.768049955,3.506000042,16.5,-0.9896075,-1.074493,Maintain,0,12.27677934,3.74885845,-4,1,NA,342970,0,2.143778766
36,Canada,Canada,CAN,North America,21.80166365,47770.41561,NA,6.906000137,1.5,1.274698,1.886581,Maintain,0,20.87782513,10.68328094,10,3,73,135890,0,0.038191728
37,Cayman Islands,Cayman Islands,CYM,Latin America & Caribbean,39.56509414,67116.93437,NA,NA,NA,1.153418,1.019122,NA,0,NA,NA,NA,NA,NA,10,0,0
38,Central African Republic,Central African Republic,CAF,Sub-Saharan Africa,1.665172192,852.7494264,NA,3.864000082,22,-1.904765,-1.308061,NA,0,14.77679854,5.03434181,0,1,79,7332,0,0
39,Chad,Chad,TCD,Sub-Saharan Africa,3.682771371,1857.107337,NA,1.832999945,60,-0.9745526,-1.363967,Maintain,0,5.1450878,4.52395248,-2,1,85.5,369538,0,7.550632367
40,Channel Islands,NA,CHI,Europe & Central Asia,50.28162647,NA,NA,8.083999634,NA,NA,NA,NA,0,NA,NA,NA,NA,NA,NA,NA,NA
41,Chile,Chile,CHL,Latin America & Caribbean,2.615513217,23633.66384,4.875309944,6.507999897,7.5,0.4334392,1.27997,Maintain,0,12.99389253,8.30269146,10,3,43.9,1840,0,0.015163399
42,China,China,CHN,East Asia & Pacific,0.071076396,12691.82155,NA,4.629000187,29.3,-0.5502946,-0.2821073,Raise,0,16.21788677,4.8887229,-7,0,19,301044,0,0.337199481
43,Colombia,Colombia,COL,Latin America & Caribbean,0.276047227,14237.58381,4.470389843,8.298999786,12,-1.069147,-0.2981746,Maintain,0,14.81162979,7.52338552,7,2,63.9,212,0,2.712069872
44,Comoros,Comoros,COM,Sub-Saharan Africa,1.592316297,2959.539971,2.545059919,4.493000031,16,-0.2327915,-0.7191136,NA,0,10.59190468,4.73517609,9,1,5.4,NA,0,0
45,"Congo, Dem. Rep.",Democratic Republic of the Congo,COD,Sub-Saharan Africa,0.706246281,1065.24241,2.170439959,4.406000137,11.5,-2.150854,-1.285265,Maintain,0,9.056194741,3.99593234,5,1,70.4,383095,0,0.39880676
46,"Congo, Rep.",Republic of Congo,COG,Sub-Saharan Africa,8.505799369,5252.154163,4.561470032,9.911999702,50.5,-0.526366,-1.196039,Maintain,0,20.08403892,3.41535068,-4,1,NA,44952,0,18.39280107
47,Costa Rica,Costa Rica,CRI,Latin America & Caribbean,8.771009911,18024.49197,7.082540035,8.998999596,23,0.6820255,0.7484275,Maintain,0,17.47982898,7.82285929,10,3,39.8,3603,0,0
48,Cote d'Ivoire,Ivory Coast,CIV,Sub-Saharan Africa,9.582598655,4417.151166,3.494159937,3.101999998,7,-0.8325459,-0.4349297,Maintain,0,8.742420019,4.42198133,4,1,73.1,1972,0,0.395315219
49,Croatia,Croatia,HRV,Europe & Central Asia,13.60471399,24446.6508,NA,16.17499924,22.5,0.590728,0.2452261,Maintain,0,20.12164551,6.78635979,9,2,17.1,518,0,0.191986556
50,Cuba,Cuba,CUB,Latin America & Caribbean,0.117089665,NA,NA,2.400000095,NA,0.6441017,0.0704845,Maintain,0,32.20593805,12.81401348,-7,0,51.7,300,NA,0.439099371
51,Curacao,Curacao,CUW,Latin America & Caribbean,23.92511593,26548.7,NA,NA,NA,NA,NA,NA,0,NA,NA,NA,NA,NA,46,0,0
52,Cyprus,Cyprus,CYP,Europe & Central Asia,16.83403415,34375.56372,6.346360207,14.90799999,8,0.5508665,1.007444,Maintain,0,16.35376149,6.92568588,10,3,34.7,7062,0,0
53,Czech Republic,Czech Republic,CZE,Europe & Central Asia,3.84222568,36306.91095,5.788849831,5.046000004,30.5,0.9791891,0.4337359,NA,0,18.91525406,7.24275684,9,3,26.2,3640,0,0.010419261
54,Denmark,Denmark,DNK,Europe & Central Asia,10.09899135,53045.73861,NA,6.168000221,3.5,0.8976498,2.211076,NA,0,25.46919943,10.22716618,10,3,17.7,27312,1,0.389160749
56,Dominica,Dominica,DMA,Latin America & Caribbean,9.246009906,11872.40739,3.408580065,NA,12,1.077941,0.6234236,Maintain,0,NA,5.1857729,NA,NA,NA,NA,0,0
57,Dominican Republic,Dominican Republic,DOM,Latin America & Caribbean,3.947079853,15328.35206,NA,7.605000019,14.5,0.2367064,-0.8184461,Maintain,0,10.28874596,5.78464127,8,2,45.3,615,0,0
58,Ecuador,Ecuador,ECU,Latin America & Caribbean,2.400299101,11896.37663,4.998700142,3.615999937,50.5,-0.1439559,-0.6712533,Lower,0,14.42952263,8.58845711,5,2,52.8,121511,0,4.329274975
60,El Salvador,El Salvador,SLV,Latin America & Caribbean,0.686271613,8143.016917,3.909879923,3.997999907,16.5,-0.0169974,-0.4236757,NA,0,16.49739912,7.63034058,8,2,16.5,46,0,0
61,Equatorial Guinea,Equatorial Guinea,GNQ,Sub-Saharan Africa,1.280974132,28313.60276,NA,6.644000053,150,-0.2053524,-1.765891,Maintain,0,21.92151289,2.91533971,-6,1,NA,NA,1,13.46796372
62,Eritrea,Eritrea,ERI,Sub-Saharan Africa,NA,NA,NA,5.337999821,84,-0.8767513,-1.301143,NA,0,NA,4.4600234,-7,0,65.9,2549,NA,NA
63,Estonia,Estonia,EST,Europe & Central Asia,15.41630922,31221.52396,5.106850147,6.186999798,3.5,0.6209198,1.293648,Maintain,0,19.98306725,6.34629202,9,3,45.8,158,1,0.282195208
64,Eswatini,NA,SWZ,Sub-Saharan Africa,2.453747951,8304.613326,NA,23.45499992,30,-0.476151,-0.3909011,Maintain,0,21.96109931,7.03397036,-9,0,NA,694,0,0
65,Ethiopia,Ethiopia,ETH,Sub-Saharan Africa,1.079526012,1779.084023,4.737919807,2.194999933,35,-1.498187,-0.4501761,NA,0,9.013788576,3.82316828,NA,1,78.3,736081,0,0
66,Faroe Islands,Faroe Islands,FRO,Europe & Central Asia,11.44629557,NA,NA,NA,NA,NA,NA,NA,0,28.62615471,NA,NA,NA,NA,NA,0,0
67,Fiji,Fiji,FJI,East Asia & Pacific,1.541341374,12569.21546,NA,4.362999916,58,0.5803087,0.1699192,Maintain,0,20.11511708,3.32468939,2,2,52.8,7,0,0
68,Finland,Finland,FIN,Europe & Central Asia,5.739683257,44973.7946,7.032080173,9.376000404,17,1.040587,2.275324,Raise,0,24.38441706,9.64523888,10,3,13.8,12692,0,0
69,France,France,FRA,Europe & Central Asia,12.08847938,43553.39928,NA,10.35900021,4,0.1067064,1.305666,Lower,0,23.80787761,11.46616745,9,3,NA,273117,0,0.005208218
70,French Polynesia,French Polynesia,PYF,East Asia & Pacific,10.63006606,NA,NA,13.74499989,NA,NA,NA,NA,0,NA,NA,NA,NA,NA,NA,NA,NA
71,Gabon,Gabon,GAB,Sub-Saharan Africa,15.55585953,15510.0708,NA,20.26000023,47,0.021187,-0.7141645,Raise,0,14.81639805,2.65743947,3,1,78.9,934,0,9.970062274
72,"Gambia, The",Gambia,GMB,Sub-Saharan Africa,9.670886483,2058.658146,2.160029888,9.312999725,25,0.0195886,-0.7702248,Lower,0,8.326579387,3.17612934,-5,1,76.2,7851,0,0
73,Georgia,Georgia,GEO,Europe & Central Asia,4.220248352,12605.14007,NA,16.50600052,2,-0.4660819,0.6796142,Maintain,0,14.29085015,7.93235874,7,2,36.7,1973,0,0.105370709
74,Germany,Germany,DEU,Europe & Central Asia,14.8790513,51375.08598,4.834980011,4.624000072,10.5,0.6998243,1.837888,Raise,0,19.6917566,11.17801952,10,3,18.9,316098,0,0.010924469
75,Ghana,Ghana,GHA,Sub-Saharan Africa,1.457397152,4670.431623,4.510890007,6.806000233,14,-0.0320993,-0.1888184,Lower,0,9.656949101,4.62171459,8,2,73.6,17404,0,1.416749303
76,Gibraltar,NA,GIB,Europe & Central Asia,34.34522147,NA,NA,NA,NA,NA,NA,NA,0,NA,NA,NA,NA,NA,NA,NA,NA
77,Greece,Greece,GRC,Europe & Central Asia,11.34237737,28051.40002,NA,24.89699936,13,-0.2302524,-0.0766138,Lower,0,20.29702735,8.01678371,10,3,16.7,24831,0,0.004796238
78,Greenland,Greenland,GRL,Europe & Central Asia,10.69483501,NA,NA,NA,NA,1.943138,1.19055,NA,0,44.19881288,NA,NA,NA,NA,NA,0,0
79,Grenada,Grenada,GRD,Latin America & Caribbean,6.606131524,15142.61521,NA,NA,15,0.7907085,0.5560133,NA,0,NA,4.64675617,NA,NA,NA,NA,0,0
80,Guam,Guam,GUM,East Asia & Pacific,44.78853342,NA,NA,6.900000095,NA,0.8079031,1.218502,NA,0,NA,NA,NA,NA,NA,NA,0,0
81,Guatemala,Guatemala,GTM,Latin America & Caribbean,0.467187672,8125.364862,3.030329943,2.506000042,26.5,-0.6550602,-0.7331991,NA,0,11.08810874,5.85707808,8,2,51.1,222,0,0.127778473
82,Guinea,Guinea,GIN,Sub-Saharan Africa,1.811566559,2087.784046,2.517139912,4.434000015,15,-0.3869883,-0.989652,NA,0,19.50189414,5.80920601,4,1,72.7,8835,0,0
83,Guinea-Bissau,Guinea-Bissau,GNB,Sub-Saharan Africa,1.210903718,1800.068562,NA,2.604000092,8.5,-0.5182164,-1.482593,NA,0,11.32588431,8.59115314,6,2,80.8,8685,0,0
84,Guyana,Guyana,GUY,Latin America & Caribbean,2.005514382,11261.82838,5.214829922,12.00399971,18,-0.1396508,-0.6353234,Maintain,0,NA,5.36894894,7,2,69.5,12,0,0
85,Haiti,Haiti,HTI,Latin America & Caribbean,0.3690482,2941.815531,3.1572299,13.96500015,97,-0.6708382,-1.237522,Maintain,0,8.25363057,8.62852955,0,1,10.5,NA,0,0
86,Honduras,Honduras,HND,Latin America & Caribbean,0.347613516,5283.409956,6.412970066,6.146999836,41,-0.4689144,-0.5667076,Maintain,0,14.30524677,7.48378992,7,1,22.9,28,0,0
87,"Hong Kong SAR, China",NA,HKG,East Asia & Pacific,38.94993992,57215.9704,3.262120008,3.319999933,1.5,1.046295,1.651314,NA,0,9.642869056,NA,NA,0,NA,109,0,0
88,Hungary,Hungary,HUN,Europe & Central Asia,4.562465252,27841.81248,4.518660069,6.813000202,7,0.7462977,0.1486354,Raise,0,19.72962832,6.88948917,10,2,23.2,4383,0,0.076083132
89,Iceland,Iceland,ISL,Europe & Central Asia,11.3901495,51739.42676,7.512909889,3.979000092,12,1.308164,1.93911,Maintain,0,23.33316287,8.13130188,NA,3,NA,170,0,0
90,India,India,IND,South Asia,0.399752709,5454.347104,NA,5.565000057,30,-0.9484934,-0.3520183,Maintain,0,10.42829069,3.59565997,9,2,NA,201379,0,0.353606122
91,Indonesia,Indonesia,IDN,East Asia & Pacific,0.127675543,10149.60391,3.583600044,4.513999939,49.3,-0.6150607,-0.4583673,Maintain,0,9.74941377,2.99113512,9,2,80.3,5954,0,0.804086843
94,Ireland,Ireland,IRL,Europe & Central Asia,15.91693657,71243.42071,3.758290052,9.906000137,12,0.9084555,1.615371,Maintain,0,12.2501386,7.31716299,10,3,17.4,6108,0,0
95,Isle of Man,Isle of Man,IMN,Europe & Central Asia,51.51629073,NA,NA,NA,NA,NA,NA,NA,0,NA,NA,NA,NA,NA,NA,NA,NA
97,Italy,Italy,ITA,Europe & Central Asia,9.680767742,40444.80765,4.073629856,11.89599991,11,0.3759197,0.0162641,Maintain,0,19.11034189,8.85689163,10,3,11,118036,0,0.045311862
98,Jamaica,Jamaica,JAM,Latin America & Caribbean,0.829367047,9470.797195,5.455770016,13.51099968,3,0.0964845,-0.2316051,Maintain,0,13.81720871,5.62562609,9,2,21,13,0,0
99,Japan,Japan,JPN,East Asia & Pacific,1.614775057,39672.94845,NA,3.400000095,11.2,1.065128,1.569181,Maintain,0,19.81802673,10.88550663,10,3,1.9,2479,0,0.002049635
101,Kazakhstan,Kazakhstan,KAZ,Europe & Central Asia,20.12330509,24290.41763,2.788579941,4.929999828,11,-0.0350003,-0.8526416,Raise,0,11.63272615,3.04051089,-6,1,53.8,701,0,6.735618219
102,Kenya,Kenya,KEN,Sub-Saharan Africa,2.354722885,3824.759543,5.271339893,2.79399991,28,-1.244406,-1.013479,Lower,0,14.08762813,5.21938848,9,1,85.5,553907,0,0
103,Kiribati,Kiribati,KIR,East Asia & Pacific,2.80458625,2170.626557,NA,NA,31,0.8435606,0.2201142,Maintain,0,62.58544616,7.98818541,NA,NA,NA,NA,0,0
104,"Korea, Dem. People’s Rep.",North Korea,PRK,East Asia & Pacific,0.192635219,NA,NA,2.888000011,NA,-1.153405,-1.247948,Maintain,0,NA,NA,-10,0,NA,NA,NA,NA
105,"Korea, Rep.",South Korea,KOR,East Asia & Pacific,2.639159354,38870.12127,NA,3.599999905,8,0.1610141,0.373622,Raise,0,15.08352973,6.65271664,8,NA,9.5,1455,0,0.000275444
106,Kosovo,Kosovo,XKX,Europe & Central Asia,NA,9723.561903,NA,NA,10,-0.199357,-0.5355489,NA,0,15.39349061,NA,NA,NA,NA,NA,0,0
108,Kyrgyz Republic,Kyrgyzstan,KGZ,Europe & Central Asia,3.440796423,4805.141092,5.985509872,7.559999943,10,-0.8824379,-1.149714,Maintain,0,17.7553733,7.14930916,7,2,48.7,349,0,0.12051946
109,Lao PDR,Laos,LAO,East Asia & Pacific,0.327020359,6543.666806,NA,0.691999972,187,0.541362,-0.9116009,Maintain,0,15.10665451,2.45366454,-7,0,63.4,NA,0,0
110,Latvia,Latvia,LVA,Europe & Central Asia,13.35324026,26634.0248,5.314129829,9.873000145,5.5,0.4437472,0.4681761,Maintain,0,NA,NA,8,3,54.7,193,0,0
112,Lesotho,Lesotho,LSO,Sub-Saharan Africa,0.307818842,2727.120651,NA,24.3939991,29,-0.3084288,0.0625368,NA,0,37.27847124,8.49196434,8,2,31.3,31,0,0
113,Liberia,Liberia,LBR,Sub-Saharan Africa,2.526491982,1580.478874,NA,2.078999996,6,-0.8180257,-0.6454387,Maintain,0,16.86332389,10.37773991,6,2,88.9,36495,0,0
115,Liechtenstein,Liechtenstein,LIE,Europe & Central Asia,62.59625376,NA,NA,NA,NA,1.45784,2.064388,Maintain,0,NA,NA,NA,NA,NA,146,NA,NA
116,Lithuania,Lithuania,LTU,Europe & Central Asia,4.726089623,30807.27513,4.22988987,9.119999886,5.5,0.759794,0.6176547,Raise,0,17.21267333,6.49459124,10,3,28.4,1094,0,0.031936642
117,Luxembourg,Luxembourg,LUX,Europe & Central Asia,43.96413394,110951.9888,3.918200016,6.669000149,16.5,1.439398,2.096687,Maintain,0,16.50436501,5.28378248,10,3,NA,1306,0,0
118,"Macao SAR, China",NA,MAC,East Asia & Pacific,58.32190277,120294.8958,2.981699944,1.809999943,NA,1.202256,0.6117634,NA,0,9.602084961,NA,NA,NA,NA,NA,0,0
119,Madagascar,Madagascar,MDG,Sub-Saharan Africa,0.132347777,1546.766536,2.210119963,1.784999967,13,-0.4273629,-0.851298,NA,0,15.14031624,5.72116804,6,1,19.4,6,0,0.071564686
120,Malawi,Malawi,MWI,Sub-Saharan Africa,1.249811795,1027.229606,5.608660221,5.846000195,38,0.0318961,-0.7665762,Lower,0,13.89949658,9.33333778,6,2,79.1,9018,0,0
121,Malaysia,Malaysia,MYS,East Asia & Pacific,8.289348916,24787.8262,4.894869804,3.099999905,7.5,0.2589576,0.2350726,Lower,0,13.0865608,3.81608534,5,1,57,94161,0,1.878770016
122,Maldives,Maldives,MDV,South Asia,25.87218175,17284.60989,4.366549969,5.666999817,12,0.4206715,-0.4793896,Maintain,0,18.17030104,8.6903019,NA,1,NA,NA,0,0
123,Mali,Mali,MLI,Sub-Saharan Africa,2.063359738,2139.735561,3.801500082,7.729000092,8.5,-1.685664,-0.6828474,Maintain,0,16.37155075,4.11143351,5,2,85.2,15913,0,0
125,Marshall Islands,Marshall Islands,MHL,East Asia & Pacific,6.197044893,3620.134513,NA,NA,17,0.9194738,-0.1151361,NA,0,54.36859018,17.35825539,NA,NA,NA,NA,0,NA
126,Mauritania,Mauritania,MRT,Sub-Saharan Africa,3.396676733,5127.436084,NA,9.758000374,8,-0.6378012,-0.9233136,Maintain,0,14.61777659,4.70125389,-2,1,71.3,77390,0,0.554027482
127,Mauritius,Mauritius,MUS,Sub-Saharan Africa,2.24510922,19897.4754,4.886670113,7.409999847,6.5,0.9986154,0.2940295,Maintain,0,14.93340945,5.6999588,10,3,46.6,NA,0,0
128,Mexico,Mexico,MEX,Latin America & Caribbean,0.939364727,19361.47029,5.235239983,4.313000202,8.4,-0.7986991,-0.7659356,Maintain,0,12.3171959,5.79708719,8,2,58.7,2904,0,1.597485845
129,"Micronesia, Fed. Sts.",Micronesia,FSM,East Asia & Pacific,2.638330461,3450.701332,12.40791988,NA,16,1.035154,0.6804457,Maintain,0,NA,12.49603271,NA,NA,NA,5,0,0
130,Moldova,Moldova,MDA,Europe & Central Asia,3.512106598,10360.82959,NA,3.694000006,6,-0.3274402,-0.9112523,Maintain,0,14.50485745,8.55763531,9,2,42.7,434,0,0.013614209
131,Monaco,Monaco,MCO,Europe & Central Asia,55.76846625,NA,NA,NA,NA,0.9918019,NA,NA,0,NA,2.02833343,NA,NA,NA,32,NA,NA
132,Mongolia,Mongolia,MNG,East Asia & Pacific,0.595444478,11022.95648,4.176990032,4.861000061,12,0.7163844,-0.4916258,Maintain,0,13.52944073,4.23834133,10,2,31.5,11,0,1.709894143
133,Montenegro,Montenegro,MNE,Europe & Central Asia,13.19007768,18212.37383,NA,17.54400063,12,0.1407977,-0.1318108,Maintain,0,19.19588717,NA,9,2,NA,1762,0,0
135,Mozambique,Mozambique,MOZ,Sub-Saharan Africa,0.796801385,1262.613081,NA,3.426000118,21,-0.5138951,-0.7488589,Maintain,0,25.92734012,7.23973656,5,1,NA,5624,0,0.053918538
136,Myanmar,Myanmar,MMR,East Asia & Pacific,0.136014603,4268.500515,NA,0.765999973,16,-1.165067,-0.8361852,Maintain,0,19.81981714,5.4778142,NA,1,59,NA,0,0.206004679
137,Namibia,Namibia,NAM,Sub-Saharan Africa,3.818401435,10487.50002,NA,20.88199997,66,0.7331128,0.3193384,Maintain,0,27.38085029,9.70993042,6,3,76,1730,0,0
138,Nauru,Nauru,NRU,East Asia & Pacific,31.0898063,11278.35196,NA,NA,NA,0.5437602,-0.5246901,NA,0,NA,15.1927681,NA,NA,NA,508,0,0
139,Nepal,Nepal,NPL,South Asia,1.817645553,2911.548304,3.703589916,1.475000024,17,-0.9983346,-0.5780479,Maintain,0,10.91623708,6.21927214,6,2,86,32669,0,0
140,Netherlands,Netherlands,NLD,Europe & Central Asia,11.69568274,53223.44268,5.34815979,6.872000217,3.5,0.9261193,1.884297,Maintain,0,24.97855097,10.32396889,10,3,35.4,88518,0,0.027742591
141,New Caledonia,New Caledonia,NCL,East Asia & Pacific,24.43390418,NA,NA,14.12699986,NA,NA,NA,NA,0,NA,NA,NA,NA,NA,NA,NA,NA
142,New Zealand,New Zealand,NZL,East Asia & Pacific,22.95970035,40467.20455,6.337389946,5.364999771,0.5,1.525453,2.275631,Maintain,0,18.55873061,9.31466961,10,3,48.5,1313,0,0.198905964
143,Nicaragua,Nicaragua,NIC,Latin America & Caribbean,0.661982706,5630.397464,4.078430176,4.699999809,14,-0.0866075,-0.8882873,Maintain,0,14.05206107,7.96303225,9,1,54.4,325,0,0
144,Niger,Niger,NER,Sub-Saharan Africa,0.951072208,1132.331205,4.494679928,0.514999986,16,-1.066546,-0.6542467,Maintain,0,17.72545867,7.13803673,6,2,66.6,124717,0,0.973444101
145,Nigeria,Nigeria,NGA,Sub-Saharan Africa,0.658124088,5514.770455,NA,4.31099987,30.3,-1.925443,-1.079387,Maintain,0,5.935159057,3.58195019,7,2,85,1387,0,2.992006443
146,North Macedonia,Macedonia ,MKD,Europe & Central Asia,6.289774173,14956.44216,NA,26.06800079,15,-0.2870161,-0.2560806,Maintain,0,16.97635226,6.34227896,9,1,NA,697,0,0
147,Northern Mariana Islands,Northern Mariana Islands,MNP,East Asia & Pacific,39.30996913,NA,NA,NA,NA,NA,NA,NA,0,NA,NA,NA,NA,NA,NA,0,0
148,Norway,Norway,NOR,Europe & Central Asia,14.23561116,61895.79561,7.569330215,4.296000004,4,1.161716,2.242804,Maintain,0,23.23902149,10.13146877,10,3,15.1,50377,1,3.142470375
150,Pakistan,Pakistan,PAK,South Asia,1.920846061,4278.346427,2.650019884,3.565999985,20,-2.482708,-0.8107558,Lower,0,10.9725341,2.68711925,7,1,74.8,1561157,0,0.313562781
151,Palau,Palau,PLW,East Asia & Pacific,26.60278991,18352.39575,NA,NA,28,0.9194738,-0.5246901,NA,0,28.51007478,11.39383602,NA,NA,NA,NA,0,NA
152,Panama,Panama,PAN,Latin America & Caribbean,4.701027527,28436.35983,NA,3.002000093,6,0.3860773,-0.3707323,Maintain,0,10.28531179,6.8090291,9,NA,61.2,17304,0,0
153,Papua New Guinea,Papua New Guinea,PNG,East Asia & Pacific,0.338376609,4086.928177,NA,2.572999954,53,-0.4221483,-0.9398028,Maintain,0,NA,1.81881714,5,NA,NA,9503,0,2.294520187
154,Paraguay,Paraguay,PRY,Latin America & Caribbean,2.356666686,11810.42797,NA,4.556000233,35,0.038498,-0.9470149,Maintain,0,11.56696159,6.74699259,9,NA,17.9,167,0,0
155,Peru,Peru,PER,Latin America & Caribbean,0.289645141,12110.26888,3.969330072,3,41.5,-0.3975714,-0.5338408,Maintain,0,12.96557338,5.03110838,9,NA,61.8,1454,0,0.255110712
156,Philippines,Philippines,PHL,East Asia & Pacific,0.210390539,7300.135781,NA,3.068000078,25,-0.8556625,-0.4534707,Maintain,0,10.91164166,4.32136869,8,NA,80.7,254,0,0.047782986
157,Poland,Poland,POL,Europe & Central Asia,1.604180837,27885.4244,4.812260151,7.500999928,37,0.8748524,0.6695215,Raise,0,18.06844882,6.39785814,10,NA,6.9,14057,0,0.029400671
158,Portugal,Portugal,PRT,Europe & Central Asia,8.089593589,31157.75914,4.885540009,12.44400024,6,0.9178401,0.964725,Raise,0,17.85068282,8.97663212,10,NA,22,851,0,0
159,Puerto Rico,Puerto Rico,PRI,Latin America & Caribbean,7.465496392,34311.02963,NA,12,6,0.8551208,0.0861484,NA,0,8.803149682,NA,NA,NA,NA,NA,0,0
161,Romania,Romania,ROU,Europe & Central Asia,1.163134803,23920.21544,3.106760025,6.811999798,8,0.1891144,-0.0176464,Raise,0,14.01625357,4.94264841,9,NA,20.7,2581,0,0.339690919
162,Russian Federation,Russia,RUS,Europe & Central Asia,8.11621786,25566.28763,3.834029913,5.571000099,10.8,-1.029335,-0.9491526,Raise,0,17.76538922,5.29560423,4,NA,37.6,314498,0,5.919344846
163,Rwanda,Rwanda,RWA,Sub-Saharan Africa,3.803080984,1889.157275,3.632339954,1.143000007,6,0.0132411,0.6357123,Raise,0,13.84159162,6.86232901,-3,NA,28,144739,0,0
164,Samoa,Samoa,WSM,East Asia & Pacific,2.550872544,5997.008601,NA,8.656000137,9,1.183974,0.2910067,Maintain,0,NA,5.6747098,NA,NA,NA,NA,0,0
165,San Marino,San Marino,SMR,Europe & Central Asia,14.84220132,57794.8503,NA,NA,12.5,0.9194738,NA,Raise,0,19.99053538,7.27498674,NA,NA,NA,NA,NA,NA
166,Sao Tome and Principe,Sao Tome and Principe,STP,Sub-Saharan Africa,1.25772286,3794.491814,3.864500046,13.47200012,7,0.1440426,-0.0451635,NA,0,NA,5.34009647,NA,NA,NA,NA,0,0
168,Senegal,Senegal,SEN,Sub-Saharan Africa,1.739951417,2966.453516,5.45637989,6.756999969,6,-0.1166648,0.0590133,NA,0,14.29927726,4.38257313,7,NA,74.7,14383,0,0
169,Serbia,Serbia,SRB,Europe & Central Asia,9.122622084,15526.89835,3.789020061,17.65999985,11.5,0.238982,-0.2670502,Maintain,0,16.4115099,8.81929588,8,NA,39.6,35326,0,0.12815794
170,Seychelles,Seychelles,SYC,Sub-Saharan Africa,13.25890682,25609.28948,NA,NA,32,0.6887798,0.8836091,Lower,0,20.32579482,4.58823824,NA,NA,NA,NA,0,0
171,Sierra Leone,Sierra Leone,SLE,Sub-Saharan Africa,1.413457295,1551.822009,NA,4.637000084,10,-0.1025168,-0.7997045,NA,0,10.24577223,20.41341209,7,NA,80.1,760,0,0
172,Singapore,Singapore,SGP,East Asia & Pacific,45.39179191,89366.30789,NA,3.789999962,2.5,1.311753,2.092715,Maintain,0,10.19090832,4.18069839,-2,NA,39.5,NA,0,0
173,Sint Maarten (Dutch part),NA,SXM,Latin America & Caribbean,70.44779972,41852.40413,NA,NA,NA,NA,NA,NA,0,NA,NA,NA,NA,NA,5,NA,NA
174,Slovak Republic,Slovakia,SVK,Europe & Central Asia,3.265417899,29455.65865,4.599540234,11.48099995,26.5,0.8745452,0.1778616,Maintain,0,18.63273398,6.79333973,10,NA,24.1,816,0,0.051236146
175,Slovenia,Slovenia,SVN,Europe & Central Asia,11.41296409,33956.84298,4.909530163,8.961999893,6,0.9533927,0.7729982,Maintain,0,18.82314255,8.49823952,10,NA,25.8,284,0,8.74E-05
176,Solomon Islands,Solomon Islands,SLB,East Asia & Pacific,0.442947201,2520.669732,NA,0.66900003,9,0.6609848,-0.3408384,Maintain,0,NA,5.19329929,8,NA,9.7,5,0,0
177,Somalia,Somalia,SOM,Sub-Saharan Africa,0.234455884,NA,NA,11.62300014,70,-2.380828,-1.615163,NA,0,7.897808108,NA,5,NA,22.2,8081,NA,NA
178,South Africa,South Africa,ZAF,Sub-Saharan Africa,5.767090449,12840.03587,5.956190109,25.15600014,46,-0.2129929,0.0251445,Maintain,0,20.45438832,8.20090294,9,NA,85.6,121635,0,0.005102447
179,South Sudan,South Sudan,SSD,Sub-Saharan Africa,6.67856204,NA,1.465559959,12.57499981,14,-2.375689,-1.687515,NA,0,7.329147349,NA,0,NA,74.6,263012,NA,8.553034839
180,Spain,Spain,ESP,Europe & Central Asia,12.69023719,37420.78618,4.286570072,22.05699921,14,0.2514912,0.5839002,Maintain,0,19.47957943,9.12686825,10,NA,66.9,6447,0,0.002952653
181,Sri Lanka,Sri Lanka,LKA,South Asia,0.186850018,11890.51618,2.22874999,4.519000053,10,0.0903681,-0.3441554,Maintain,0,8.992685055,3.88992047,6,NA,32.3,781,0,0
182,St. Kitts and Nevis,Saint Kitts,KNA,Latin America & Caribbean,13.39343554,25569.35702,2.643460035,NA,18.5,0.5823264,0.5045007,NA,0,NA,5.31862164,NA,NA,NA,NA,0,0
183,St. Lucia,Saint Lucia,LCA,Latin America & Caribbean,6.903280558,14029.98253,3.867729902,24.09000015,11,0.8536908,0.6177639,Maintain,0,NA,4.60818338,NA,NA,NA,NA,0,0
184,St. Martin (French part),Saint Martin,MAF,Latin America & Caribbean,NA,NA,NA,NA,NA,NA,NA,NA,0,NA,NA,NA,NA,NA,NA,NA,NA
185,St. Vincent and the Grenadines,Saint Vincent,VCT,Latin America & Caribbean,4.181359741,11971.99328,NA,19.31500053,10,1.004725,0.6747008,Maintain,0,NA,4.08409452,NA,NA,NA,NA,0,0
186,Sudan,Sudan,SDN,Sub-Saharan Africa,1.251344542,4191.823461,NA,17.31599998,36.5,-2.162183,-1.466466,Maintain,0,4.579225542,7.18615294,NA,NA,74.6,309632,0,0.980507882
187,Suriname,Suriname,SUR,Latin America & Caribbean,8.625811501,17382.75643,NA,7.21999979,84,0.2566883,-0.239112,Maintain,0,NA,6.21926689,5,NA,NA,NA,0,2.803942404
188,Sweden,Sweden,SWE,Europe & Central Asia,16.76755875,51704.50304,7.443900108,7.43200016,7,0.9471064,2.241128,Raise,0,25.71819541,10.79714203,10,NA,21.9,169516,0,0
189,Switzerland,Switzerland,CHE,Europe & Central Asia,29.38668554,66161.77652,5.100570202,4.801000118,10,1.339359,2.136473,Lower,0,11.9330699,11.36931515,10,NA,36.7,73326,0,0
191,Tajikistan,Tajikistan,TJK,Europe & Central Asia,3.242910896,2821.656311,5.231389999,11.5010004,11,-0.8826423,-1.125708,Maintain,0,14.99028067,6.9073596,-3,NA,36.7,1963,0,0.030178139
192,Tanzania,Tanzania,TZA,Sub-Saharan Africa,0.48853553,2354.139221,NA,2.102999926,29,-0.4161943,-0.6878198,NA,0,9.927294507,3.64969921,3,NA,59.1,211845,0,0
193,Thailand,Thailand,THA,East Asia & Pacific,5.758232652,16301.53809,NA,0.597000003,31,-0.9944293,-0.4934002,Raise,0,17.12117244,3.66789317,-3,NA,35.2,108252,0,0.56616623
194,Timor-Leste,Timor-Leste,TLS,East Asia & Pacific,0.914442949,3297.867109,8.433259964,4.448999882,14,-0.2718863,-0.5216289,Maintain,0,58.79089003,3.95390606,8,NA,NA,NA,0,NA
195,Togo,Togo,TGO,Sub-Saharan Africa,3.79000676,1447.229049,5.10860014,2.203999996,10,-0.2313481,-0.7238495,NA,0,17.989406,6.24938154,-2,NA,88,21949,0,0
196,Tonga,Tonga,TON,East Asia & Pacific,5.397946689,5949.018574,NA,1.126999974,16,0.8863344,-0.4673948,Maintain,0,NA,4.57615185,NA,NA,NA,NA,0,0
197,Trinidad and Tobago,Trinidad,TTO,Latin America & Caribbean,3.66763033,29182.57065,NA,2.210999966,11.5,0.2861143,-0.3007314,Maintain,0,NA,6.03951168,10,NA,65.5,105,1,2.484104542
199,Turkey,Turkey,TUR,Europe & Central Asia,3.769001103,26165.39708,NA,10.23600006,11,-1.493914,-0.1543817,Maintain,0,13.80517246,4.11690378,3,NA,52.1,2541348,0,0.044502889
200,Turkmenistan,Turkmenistan,TKM,Europe & Central Asia,3.654711583,12993.52247,NA,3.953999996,NA,-0.0877989,-1.346634,Lower,0,7.40788035,6.29793644,-8,NA,25.5,25,0,5.095879455
201,Turks and Caicos Islands,Turks and Caicos Islands,TCA,Latin America & Caribbean,34.03710067,26691.61937,3.157449961,NA,NA,NA,NA,NA,0,NA,NA,NA,NA,NA,5,0,0
202,Tuvalu,NA,TUV,East Asia & Pacific,1.421944332,3723.199797,NA,NA,NA,1.391288,-0.032997,NA,0,NA,16.69959259,NA,NA,NA,NA,0,0
203,Uganda,Uganda,UGA,Sub-Saharan Africa,1.920126168,2054.090126,2.340490103,1.858999968,27,-0.8045017,-1.051651,NA,0,8.993149656,6.78750038,-1,NA,88.3,477187,0,0
204,Ukraine,Ukraine,UKR,Europe & Central Asia,10.78646116,11237.07446,NA,9.140000343,8,-1.9618,-0.979916,Raise,0,18.92414752,7.77607775,4,NA,37,3261,0,0.297611367
206,United Kingdom,UK,GBR,Europe & Central Asia,13.20097825,44849.73829,5.556159973,5.301000118,4.5,0.5177479,1.876371,Lower,0,19.49375449,9.90435219,10,NA,39.9,123051,0,0.240220164
207,United States,USA,USA,North America,14.49065352,58509.58354,NA,5.28000021,5.6,0.6780624,1.396935,Maintain,0,14.30820461,16.71075249,10,NA,52.7,273198,0,0.008301462
208,Uruguay,Uruguay,URY,Latin America & Caribbean,2.092316749,20588.39312,NA,7.487999916,6.5,1.004238,1.316853,Raise,0,13.83580999,9.00821114,10,NA,17.6,292,0,0
209,Uzbekistan,Uzbekistan,UZB,Europe & Central Asia,3.91690324,6086.715742,5.786379814,5.150000095,5.5,-0.3730364,-1.261961,Maintain,0,14.34039737,4.9875989,-9,NA,31.3,106,0,0.55451918
210,Vanuatu,Vanuatu,VUT,East Asia & Pacific,1.204222904,3037.784742,5.390810013,4.566999912,35,0.4784089,-0.1168138,Maintain,0,NA,4.15773726,NA,NA,NA,NA,0,0
211,"Venezuela, RB",Venezuela,VEN,Latin America & Caribbean,4.514736572,NA,NA,7.440000057,186,-0.9771809,-1.391322,Maintain,0,NA,5.79743814,4,NA,52,173745,NA,NA
212,Vietnam,Vietnam,VNM,East Asia & Pacific,0.077897131,6438.260271,NA,2.125,20,0.0699705,-0.4261965,Maintain,0,6.333263532,5.65262079,-7,NA,NA,NA,0,1.515276886
213,Virgin Islands (U.S.),Virgin Islands,VIR,Latin America & Caribbean,53.36387841,NA,NA,9.527000427,NA,1.249272,0.6324804,NA,0,NA,NA,NA,NA,NA,NA,0,0
216,Zambia,Zambia,ZMB,Sub-Saharan Africa,0.78902565,3443.555206,4.62432003,10.10499954,8.5,0.1516949,-0.3412615,NA,0,14.78059341,4.43510246,7,NA,70.6,26434,0,0
217,Zimbabwe,Zimbabwe,ZWE,Sub-Saharan Africa,2.556382525,2958.209004,NA,5.302000046,91,-0.6181563,-1.310461,NA,0,18.87751257,7.45206642,4,NA,41.5,6943,0,0
